id,title,description,availability,condition,price,link,image_link,brand
684983E2B0F92_Black-5,Ignored Women High Top Shoes – Black 5,High top sneakers with hidden message design from Typowear,in stock,new,59.00 EUR,https://www.typotecture.com/store-3-1/p/ignored-women-high-top-shoes,https://www.typotecture.com/images/ignored-women-high-top-shoes_black_5.jpg,Typowear
684983E2B0F92_Black-5.5,Ignored Women High Top Shoes – Black 5.5,High top sneakers with hidden message design from Typowear,in stock,new,59.00 EUR,https://www.typotecture.com/store-3-1/p/ignored-women-high-top-shoes,https://www.typotecture.com/images/ignored-women-high-top-shoes_black_5.5.jpg,Typowear
684983E2B0F92_Black-6,Ignored Women High Top Shoes – Black 6,High top sneakers with hidden message design from Typowear,in stock,new,59.00 EUR,https://www.typotecture.com/store-3-1/p/ignored-women-high-top-shoes,https://www.typotecture.com/images/ignored-women-high-top-shoes_black_6.jpg,Typowear
684983E2B0F92_Black-6.5,Ignored Women High Top Shoes – Black 6.5,High top sneakers with hidden message design from Typowear,in stock,new,59.00 EUR,https://www.typotecture.com/store-3-1/p/ignored-women-high-top-shoes,https://www.typotecture.com/images/ignored-women-high-top-shoes_black_6.5.jpg,Typowear
684983E2B0F92_Black-7,Ignored Women High Top Shoes – Black 7,High top sneakers with hidden message design from Typowear,in stock,new,59.00 EUR,https://www.typotecture.com/store-3-1/p/ignored-women-high-top-shoes,https://www.typotecture.com/images/ignored-women-high-top-shoes_black_7.jpg,Typowear
684983E2B0F92_Black-7.5,Ignored Women High Top Shoes – Black 7.5,High top sneakers with hidden message design from Typowear,in stock,new,59.00 EUR,https://www.typotecture.com/store-3-1/p/ignored-women-high-top-shoes,https://www.typotecture.com/images/ignored-women-high-top-shoes_black_7.5.jpg,Typowear
684983E2B0F92_Black-8,Ignored Women High Top Shoes – Black 8,High top sneakers with hidden message design from Typowear,in stock,new,59.00 EUR,https://www.typotecture.com/store-3-1/p/ignored-women-high-top-shoes,https://www.typotecture.com/images/ignored-women-high-top-shoes_black_8.jpg,Typowear
684983E2B0F92_Black-8.5,Ignored Women High Top Shoes – Black 8.5,High top sneakers with hidden message design from Typowear,in stock,new,59.00 EUR,https://www.typotecture.com/store-3-1/p/ignored-women-high-top-shoes,https://www.typotecture.com/images/ignored-women-high-top-shoes_black_8.5.jpg,Typowear
684983E2B0F92_Black-9,Ignored Women High Top Shoes – Black 9,High top sneakers with hidden message design from Typowear,in stock,new,59.00 EUR,https://www.typotecture.com/store-3-1/p/ignored-women-high-top-shoes,https://www.typotecture.com/images/ignored-women-high-top-shoes_black_9.jpg,Typowear
684983E2B0F92_Black-9.5,Ignored Women High Top Shoes – Black 9.5,High top sneakers with hidden message design from Typowear,in stock,new,59.00 EUR,https://www.typotecture.com/store-3-1/p/ignored-women-high-top-shoes,https://www.typotecture.com/images/ignored-women-high-top-shoes_black_9.5.jpg,Typowear
684983E2B0F92_Black-10,Ignored Women High Top Shoes – Black 10,High top sneakers with hidden message design from Typowear,in stock,new,59.00 EUR,https://www.typotecture.com/store-3-1/p/ignored-women-high-top-shoes,https://www.typotecture.com/images/ignored-women-high-top-shoes_black_10.jpg,Typowear
684983E2B0F92_Black-10.5,Ignored Women High Top Shoes – Black 10.5,High top sneakers with hidden message design from Typowear,in stock,new,59.00 EUR,https://www.typotecture.com/store-3-1/p/ignored-women-high-top-shoes,https://www.typotecture.com/images/ignored-women-high-top-shoes_black_10.5.jpg,Typowear
684983E2B0F92_Black-11,Ignored Women High Top Shoes – Black 11,High top sneakers with hidden message design from Typowear,in stock,new,59.00 EUR,https://www.typotecture.com/store-3-1/p/ignored-women-high-top-shoes,https://www.typotecture.com/images/ignored-women-high-top-shoes_black_11.jpg,Typowear
684983E2B0F92_Black-11.5,Ignored Women High Top Shoes – Black 11.5,High top sneakers with hidden message design from Typowear,in stock,new,59.00 EUR,https://www.typotecture.com/store-3-1/p/ignored-women-high-top-shoes,https://www.typotecture.com/images/ignored-women-high-top-shoes_black_11.5.jpg,Typowear
684983E2B0F92_Black-12,Ignored Women High Top Shoes – Black 12,High top sneakers with hidden message design from Typowear,in stock,new,59.00 EUR,https://www.typotecture.com/store-3-1/p/ignored-women-high-top-shoes,https://www.typotecture.com/images/ignored-women-high-top-shoes_black_12.jpg,Typowear
684983E2B0F92_White-5,Ignored Women High Top Shoes – White 5,High top sneakers with hidden message design from Typowear,in stock,new,59.00 EUR,https://www.typotecture.com/store-3-1/p/ignored-women-high-top-shoes,https://www.typotecture.com/images/ignored-women-high-top-shoes_white_5.jpg,Typowear
684983E2B0F92_White-5.5,Ignored Women High Top Shoes – White 5.5,High top sneakers with hidden message design from Typowear,in stock,new,59.00 EUR,https://www.typotecture.com/store-3-1/p/ignored-women-high-top-shoes,https://www.typotecture.com/images/ignored-women-high-top-shoes_white_5.5.jpg,Typowear
684983E2B0F92_White-6,Ignored Women High Top Shoes – White 6,High top sneakers with hidden message design from Typowear,in stock,new,59.00 EUR,https://www.typotecture.com/store-3-1/p/ignored-women-high-top-shoes,https://www.typotecture.com/images/ignored-women-high-top-shoes_white_6.jpg,Typowear
684983E2B0F92_White-6.5,Ignored Women High Top Shoes – White 6.5,High top sneakers with hidden message design from Typowear,in stock,new,59.00 EUR,https://www.typotecture.com/store-3-1/p/ignored-women-high-top-shoes,https://www.typotecture.com/images/ignored-women-high-top-shoes_white_6.5.jpg,Typowear
684983E2B0F92_White-7,Ignored Women High Top Shoes – White 7,High top sneakers with hidden message design from Typowear,in stock,new,59.00 EUR,https://www.typotecture.com/store-3-1/p/ignored-women-high-top-shoes,https://www.typotecture.com/images/ignored-women-high-top-shoes_white_7.jpg,Typowear
684983E2B0F92_White-7.5,Ignored Women High Top Shoes – White 7.5,High top sneakers with hidden message design from Typowear,in stock,new,59.00 EUR,https://www.typotecture.com/store-3-1/p/ignored-women-high-top-shoes,https://www.typotecture.com/images/ignored-women-high-top-shoes_white_7.5.jpg,Typowear
684983E2B0F92_White-8,Ignored Women High Top Shoes – White 8,High top sneakers with hidden message design from Typowear,in stock,new,59.00 EUR,https://www.typotecture.com/store-3-1/p/ignored-women-high-top-shoes,https://www.typotecture.com/images/ignored-women-high-top-shoes_white_8.jpg,Typowear
684983E2B0F92_White-8.5,Ignored Women High Top Shoes – White 8.5,High top sneakers with hidden message design from Typowear,in stock,new,59.00 EUR,https://www.typotecture.com/store-3-1/p/ignored-women-high-top-shoes,https://www.typotecture.com/images/ignored-women-high-top-shoes_white_8.5.jpg,Typowear
684983E2B0F92_White-9,Ignored Women High Top Shoes – White 9,High top sneakers with hidden message design from Typowear,in stock,new,59.00 EUR,https://www.typotecture.com/store-3-1/p/ignored-women-high-top-shoes,https://www.typotecture.com/images/ignored-women-high-top-shoes_white_9.jpg,Typowear
684983E2B0F92_White-9.5,Ignored Women High Top Shoes – White 9.5,High top sneakers with hidden message design from Typowear,in stock,new,59.00 EUR,https://www.typotecture.com/store-3-1/p/ignored-women-high-top-shoes,https://www.typotecture.com/images/ignored-women-high-top-shoes_white_9.5.jpg,Typowear
684983E2B0F92_White-10,Ignored Women High Top Shoes – White 10,High top sneakers with hidden message design from Typowear,in stock,new,59.00 EUR,https://www.typotecture.com/store-3-1/p/ignored-women-high-top-shoes,https://www.typotecture.com/images/ignored-women-high-top-shoes_white_10.jpg,Typowear
684983E2B0F92_White-10.5,Ignored Women High Top Shoes – White 10.5,High top sneakers with hidden message design from Typowear,in stock,new,59.00 EUR,https://www.typotecture.com/store-3-1/p/ignored-women-high-top-shoes,https://www.typotecture.com/images/ignored-women-high-top-shoes_white_10.5.jpg,Typowear
684983E2B0F92_White-11,Ignored Women High Top Shoes – White 11,High top sneakers with hidden message design from Typowear,in stock,new,59.00 EUR,https://www.typotecture.com/store-3-1/p/ignored-women-high-top-shoes,https://www.typotecture.com/images/ignored-women-high-top-shoes_white_11.jpg,Typowear
684983E2B0F92_White-11.5,Ignored Women High Top Shoes – White 11.5,High top sneakers with hidden message design from Typowear,in stock,new,59.00 EUR,https://www.typotecture.com/store-3-1/p/ignored-women-high-top-shoes,https://www.typotecture.com/images/ignored-women-high-top-shoes_white_11.5.jpg,Typowear
684983E2B0F92_White-12,Ignored Women High Top Shoes – White 12,High top sneakers with hidden message design from Typowear,in stock,new,59.00 EUR,https://www.typotecture.com/store-3-1/p/ignored-women-high-top-shoes,https://www.typotecture.com/images/ignored-women-high-top-shoes_white_12.jpg,Typowear
