id,title,description,availability,condition,price,image_link,brand,link
68497E17F1E28,[ARCHIVED] 68497E17F1E28,Hidden product kept for tracking pixel interactions.,out of stock,new,999.00 EUR,https://typowear.imgix.net/placeholder.png,Typowear,https://typowear.com/archived/68497E17F1E28
6848305E979EF_S,[ARCHIVED] 6848305E979EF_S,Hidden product kept for tracking pixel interactions.,out of stock,new,999.00 EUR,https://typowear.imgix.net/placeholder.png,Typowear,https://typowear.com/archived/6848305E979EF_S
684854FB71752_XS,[ARCHIVED] 684854FB71752_XS,Hidden product kept for tracking pixel interactions.,out of stock,new,999.00 EUR,https://typowear.imgix.net/placeholder.png,Typowear,https://typowear.com/archived/684854FB71752_XS
6849605C98B86_XS,[ARCHIVED] 6849605C98B86_XS,Hidden product kept for tracking pixel interactions.,out of stock,new,999.00 EUR,https://typowear.imgix.net/placeholder.png,Typowear,https://typowear.com/archived/6849605C98B86_XS
684978620CECD,[ARCHIVED] 684978620CECD,Hidden product kept for tracking pixel interactions.,out of stock,new,999.00 EUR,https://typowear.imgix.net/placeholder.png,Typowear,https://typowear.com/archived/684978620CECD
68494C892E5B8,[ARCHIVED] 68494C892E5B8,Hidden product kept for tracking pixel interactions.,out of stock,new,999.00 EUR,https://typowear.imgix.net/placeholder.png,Typowear,https://typowear.com/archived/68494C892E5B8
68494A2C29997,[ARCHIVED] 68494A2C29997,Hidden product kept for tracking pixel interactions.,out of stock,new,999.00 EUR,https://typowear.imgix.net/placeholder.png,Typowear,https://typowear.com/archived/68494A2C29997
68495E4D0BC8C_Black,[ARCHIVED] 68495E4D0BC8C_Black,Hidden product kept for tracking pixel interactions.,out of stock,new,999.00 EUR,https://typowear.imgix.net/placeholder.png,Typowear,https://typowear.com/archived/68495E4D0BC8C_Black
684944E928D15_S,[ARCHIVED] 684944E928D15_S,Hidden product kept for tracking pixel interactions.,out of stock,new,999.00 EUR,https://typowear.imgix.net/placeholder.png,Typowear,https://typowear.com/archived/684944E928D15_S
68480F99EA0E9_S,[ARCHIVED] 68480F99EA0E9_S,Hidden product kept for tracking pixel interactions.,out of stock,new,999.00 EUR,https://typowear.imgix.net/placeholder.png,Typowear,https://typowear.com/archived/68480F99EA0E9_S
68494DBC5DFD8_Black,[ARCHIVED] 68494DBC5DFD8_Black,Hidden product kept for tracking pixel interactions.,out of stock,new,999.00 EUR,https://typowear.imgix.net/placeholder.png,Typowear,https://typowear.com/archived/68494DBC5DFD8_Black
68496C24397A9_2XS,[ARCHIVED] 68496C24397A9_2XS,Hidden product kept for tracking pixel interactions.,out of stock,new,999.00 EUR,https://typowear.imgix.net/placeholder.png,Typowear,https://typowear.com/archived/68496C24397A9_2XS
682D25807AE16_S,[ARCHIVED] 682D25807AE16_S,Hidden product kept for tracking pixel interactions.,out of stock,new,999.00 EUR,https://typowear.imgix.net/placeholder.png,Typowear,https://typowear.com/archived/682D25807AE16_S
6849442574E81_S,[ARCHIVED] 6849442574E81_S,Hidden product kept for tracking pixel interactions.,out of stock,new,999.00 EUR,https://typowear.imgix.net/placeholder.png,Typowear,https://typowear.com/archived/6849442574E81_S
68480DF299D7A_S,[ARCHIVED] 68480DF299D7A_S,Hidden product kept for tracking pixel interactions.,out of stock,new,999.00 EUR,https://typowear.imgix.net/placeholder.png,Typowear,https://typowear.com/archived/68480DF299D7A_S
6849796751BED_Black,[ARCHIVED] 6849796751BED_Black,Hidden product kept for tracking pixel interactions.,out of stock,new,999.00 EUR,https://typowear.imgix.net/placeholder.png,Typowear,https://typowear.com/archived/6849796751BED_Black
68483ADC98D70_S,[ARCHIVED] 68483ADC98D70_S,Hidden product kept for tracking pixel interactions.,out of stock,new,999.00 EUR,https://typowear.imgix.net/placeholder.png,Typowear,https://typowear.com/archived/68483ADC98D70_S
684983E2B0F92_Black-5,[ARCHIVED] 684983E2B0F92_Black-5,Hidden product kept for tracking pixel interactions.,out of stock,new,999.00 EUR,https://typowear.imgix.net/placeholder.png,Typowear,https://typowear.com/archived/684983E2B0F92_Black-5
68494D675C038,[ARCHIVED] 68494D675C038,Hidden product kept for tracking pixel interactions.,out of stock,new,999.00 EUR,https://typowear.imgix.net/placeholder.png,Typowear,https://typowear.com/archived/68494D675C038
684832677D371_S,[ARCHIVED] 684832677D371_S,Hidden product kept for tracking pixel interactions.,out of stock,new,999.00 EUR,https://typowear.imgix.net/placeholder.png,Typowear,https://typowear.com/archived/684832677D371_S
68497E4186FC2,[ARCHIVED] 68497E4186FC2,Hidden product kept for tracking pixel interactions.,out of stock,new,999.00 EUR,https://typowear.imgix.net/placeholder.png,Typowear,https://typowear.com/archived/68497E4186FC2
68494076BFFC3_S,[ARCHIVED] 68494076BFFC3_S,Hidden product kept for tracking pixel interactions.,out of stock,new,999.00 EUR,https://typowear.imgix.net/placeholder.png,Typowear,https://typowear.com/archived/68494076BFFC3_S
68498533EED69_Black-5,[ARCHIVED] 68498533EED69_Black-5,Hidden product kept for tracking pixel interactions.,out of stock,new,999.00 EUR,https://typowear.imgix.net/placeholder.png,Typowear,https://typowear.com/archived/68498533EED69_Black-5
684942F8D0B5C_XS,[ARCHIVED] 684942F8D0B5C_XS,Hidden product kept for tracking pixel interactions.,out of stock,new,999.00 EUR,https://typowear.imgix.net/placeholder.png,Typowear,https://typowear.com/archived/684942F8D0B5C_XS
684943513C138_XS,[ARCHIVED] 684943513C138_XS,Hidden product kept for tracking pixel interactions.,out of stock,new,999.00 EUR,https://typowear.imgix.net/placeholder.png,Typowear,https://typowear.com/archived/684943513C138_XS
684943867B2A7_XS,[ARCHIVED] 684943867B2A7_XS,Hidden product kept for tracking pixel interactions.,out of stock,new,999.00 EUR,https://typowear.imgix.net/placeholder.png,Typowear,https://typowear.com/archived/684943867B2A7_XS
6849720F5D8CA,[ARCHIVED] 6849720F5D8CA,Hidden product kept for tracking pixel interactions.,out of stock,new,999.00 EUR,https://typowear.imgix.net/placeholder.png,Typowear,https://typowear.com/archived/6849720F5D8CA
684831C500845_S,[ARCHIVED] 684831C500845_S,Hidden product kept for tracking pixel interactions.,out of stock,new,999.00 EUR,https://typowear.imgix.net/placeholder.png,Typowear,https://typowear.com/archived/684831C500845_S
68485140C0664_XS,[ARCHIVED] 68485140C0664_XS,Hidden product kept for tracking pixel interactions.,out of stock,new,999.00 EUR,https://typowear.imgix.net/placeholder.png,Typowear,https://typowear.com/archived/68485140C0664_XS
68493EFB81614_S,[ARCHIVED] 68493EFB81614_S,Hidden product kept for tracking pixel interactions.,out of stock,new,999.00 EUR,https://typowear.imgix.net/placeholder.png,Typowear,https://typowear.com/archived/68493EFB81614_S
68497BFEBFE7A,[ARCHIVED] 68497BFEBFE7A,Hidden product kept for tracking pixel interactions.,out of stock,new,999.00 EUR,https://typowear.imgix.net/placeholder.png,Typowear,https://typowear.com/archived/68497BFEBFE7A
68496133A71D6_XS,[ARCHIVED] 68496133A71D6_XS,Hidden product kept for tracking pixel interactions.,out of stock,new,999.00 EUR,https://typowear.imgix.net/placeholder.png,Typowear,https://typowear.com/archived/68496133A71D6_XS
68493F4D404FE_S,[ARCHIVED] 68493F4D404FE_S,Hidden product kept for tracking pixel interactions.,out of stock,new,999.00 EUR,https://typowear.imgix.net/placeholder.png,Typowear,https://typowear.com/archived/68493F4D404FE_S
684944B87342B_S,[ARCHIVED] 684944B87342B_S,Hidden product kept for tracking pixel interactions.,out of stock,new,999.00 EUR,https://typowear.imgix.net/placeholder.png,Typowear,https://typowear.com/archived/684944B87342B_S
68485361025DE_XS,[ARCHIVED] 68485361025DE_XS,Hidden product kept for tracking pixel interactions.,out of stock,new,999.00 EUR,https://typowear.imgix.net/placeholder.png,Typowear,https://typowear.com/archived/68485361025DE_XS
68495B4EC69DB_Black,[ARCHIVED] 68495B4EC69DB_Black,Hidden product kept for tracking pixel interactions.,out of stock,new,999.00 EUR,https://typowear.imgix.net/placeholder.png,Typowear,https://typowear.com/archived/68495B4EC69DB_Black
684977FA7E557_Black,[ARCHIVED] 684977FA7E557_Black,Hidden product kept for tracking pixel interactions.,out of stock,new,999.00 EUR,https://typowear.imgix.net/placeholder.png,Typowear,https://typowear.com/archived/684977FA7E557_Black
684941F27D1DF_XS,[ARCHIVED] 684941F27D1DF_XS,Hidden product kept for tracking pixel interactions.,out of stock,new,999.00 EUR,https://typowear.imgix.net/placeholder.png,Typowear,https://typowear.com/archived/684941F27D1DF_XS
68480F1EBD4EF_S,[ARCHIVED] 68480F1EBD4EF_S,Hidden product kept for tracking pixel interactions.,out of stock,new,999.00 EUR,https://typowear.imgix.net/placeholder.png,Typowear,https://typowear.com/archived/68480F1EBD4EF_S
68493E0ECA63F_S,[ARCHIVED] 68493E0ECA63F_S,Hidden product kept for tracking pixel interactions.,out of stock,new,999.00 EUR,https://typowear.imgix.net/placeholder.png,Typowear,https://typowear.com/archived/68493E0ECA63F_S
68483161E8A35_S,[ARCHIVED] 68483161E8A35_S,Hidden product kept for tracking pixel interactions.,out of stock,new,999.00 EUR,https://typowear.imgix.net/placeholder.png,Typowear,https://typowear.com/archived/68483161E8A35_S
68494896D0E28,[ARCHIVED] 68494896D0E28,Hidden product kept for tracking pixel interactions.,out of stock,new,999.00 EUR,https://typowear.imgix.net/placeholder.png,Typowear,https://typowear.com/archived/68494896D0E28
684839CF98573_S,[ARCHIVED] 684839CF98573_S,Hidden product kept for tracking pixel interactions.,out of stock,new,999.00 EUR,https://typowear.imgix.net/placeholder.png,Typowear,https://typowear.com/archived/684839CF98573_S
684954CE5DF42,[ARCHIVED] 684954CE5DF42,Hidden product kept for tracking pixel interactions.,out of stock,new,999.00 EUR,https://typowear.imgix.net/placeholder.png,Typowear,https://typowear.com/archived/684954CE5DF42
68497283E4CE2_Black,[ARCHIVED] 68497283E4CE2_Black,Hidden product kept for tracking pixel interactions.,out of stock,new,999.00 EUR,https://typowear.imgix.net/placeholder.png,Typowear,https://typowear.com/archived/68497283E4CE2_Black
68497B511916A,[ARCHIVED] 68497B511916A,Hidden product kept for tracking pixel interactions.,out of stock,new,999.00 EUR,https://typowear.imgix.net/placeholder.png,Typowear,https://typowear.com/archived/68497B511916A
684944683238D_S,[ARCHIVED] 684944683238D_S,Hidden product kept for tracking pixel interactions.,out of stock,new,999.00 EUR,https://typowear.imgix.net/placeholder.png,Typowear,https://typowear.com/archived/684944683238D_S
6849772024870_Black,[ARCHIVED] 6849772024870_Black,Hidden product kept for tracking pixel interactions.,out of stock,new,999.00 EUR,https://typowear.imgix.net/placeholder.png,Typowear,https://typowear.com/archived/6849772024870_Black
681BC24405041_XS,[ARCHIVED] 681BC24405041_XS,Hidden product kept for tracking pixel interactions.,out of stock,new,999.00 EUR,https://typowear.imgix.net/placeholder.png,Typowear,https://typowear.com/archived/681BC24405041_XS
68496ECEAAE2D_XS,[ARCHIVED] 68496ECEAAE2D_XS,Hidden product kept for tracking pixel interactions.,out of stock,new,999.00 EUR,https://typowear.imgix.net/placeholder.png,Typowear,https://typowear.com/archived/68496ECEAAE2D_XS
